id,in_id,time
1,1,9:00
2,1,9:07
3,1,9:14
4,1,9:21
5,1,9:28
6,1,9:35
7,1,9:42
8,1,9:49
9,1,9:56
10,1,10:03
11,1,10:10
12,1,10:17
13,1,10:24
14,1,10:31
15,1,10:38
16,1,10:45
17,1,10:52
18,1,10:59
1,2,11:00
2,2,11:12
3,2,11:24
4,2,11:36
5,2,11:48
6,2,12:00
7,2,12:12
8,2,12:24
9,2,12:36
10,2,12:48
11,2,13:00
12,2,13:12
13,2,13:24
14,2,13:36
15,2,13:48
16,2,14:00
17,2,14:12
18,2,14:24
19,2,14:36
20,2,14:48
21,2,15:00
1,3,15:00
2,3,15:07
3,3,15:14
4,3,15:21
5,3,15:28
6,3,15:35
7,3,15:42
8,3,15:49
9,3,15:56
10,3,16:03
11,3,16:10
12,3,16:17
13,3,16:24
14,3,16:31
15,3,16:38
16,3,16:45
17,3,16:52
18,3,16:59
19,3,17:06
20,3,17:13
21,3,17:20
22,3,17:27
23,3,17:34
24,3,17:41
25,3,17:48
26,3,17:55
27,3,18:02
28,3,18:09
29,3,18:16
30,3,18:23
31,3,18:30
32,3,18:37
33,3,18:44
34,3,18:51
35,3,18:58
36,3,19:05
37,3,19:12
38,3,19:19
39,3,19:26
40,3,19:33
41,3,19:40
42,3,19:47
43,3,19:54
44,3,20:01
45,3,20:08
46,3,20:15
47,3,20:22
48,3,20:29
49,3,20:36
50,3,20:43
51,3,20:50
52,3,20:57
